"Program","Year","Period","Week Ending","Geo Level","State","State ANSI","Ag District","Ag District Code","County","County ANSI","Zip Code","Region","watershed_code","Watershed","Commodity","Data Item","Domain","Domain Category","Value","CV (%)"
"CENSUS","2017","END OF DEC","","NATIONAL","US TOTAL","","","","","","","","00000000","","HOGS","HOGS - INVENTORY","TOTAL","NOT SPECIFIED","72,381,007","1.8"
"CENSUS","2017","END OF DEC","","NATIONAL","US TOTAL","","","","","","","","00000000","","HOGS","HOGS - OPERATIONS WITH INVENTORY","TOTAL","NOT SPECIFIED","66,439","5.2"
"CENSUS","2017","END OF DEC","","NATIONAL","US TOTAL","","","","","","","","00000000","","HOGS","HOGS, CONTRACT GROWER (CONTRACTEE) - INVENTORY","TOTAL","NOT SPECIFIED","31,073,128","1.9"
"CENSUS","2017","END OF DEC","","NATIONAL","US TOTAL","","","","","","","","00000000","","HOGS","HOGS, CONTRACT GROWER (CONTRACTEE) - OPERATIONS WITH INVENTORY","TOTAL","NOT SPECIFIED","7,672","2.1"
"CENSUS","2017","END OF DEC","","NATIONAL","US TOTAL","","","","","","","","00000000","","HOGS","HOGS, CONTRACTOR OR INTEGRATOR - INVENTORY","TOTAL","NOT SPECIFIED","16,426,354","7.0"
"CENSUS","2017","END OF DEC","","NATIONAL","US TOTAL","","","","","","","","00000000","","HOGS","HOGS, CONTRACTOR OR INTEGRATOR - OPERATIONS WITH INVENTORY","TOTAL","NOT SPECIFIED","587","6.4"
"CENSUS","2017","END OF DEC","","NATIONAL","US TOTAL","","","","","","","","00000000","","HOGS","HOGS, FARROW TO FEEDER - INVENTORY","TOTAL","NOT SPECIFIED","990,269","8.6"
"CENSUS","2017","END OF DEC","","NATIONAL","US TOTAL","","","","","","","","00000000","","HOGS","HOGS, FARROW TO FEEDER - OPERATIONS WITH INVENTORY","TOTAL","NOT SPECIFIED","6,194","30.3"
"CENSUS","2017","END OF DEC","","NATIONAL","US TOTAL","","","","","","","","00000000","","HOGS","HOGS, FARROW TO FINISH - INVENTORY","TOTAL","NOT SPECIFIED","19,036,228","3.2"
"CENSUS","2017","END OF DEC","","NATIONAL","US TOTAL","","","","","","","","00000000","","HOGS","HOGS, FARROW TO FINISH - OPERATIONS WITH INVENTORY","TOTAL","NOT SPECIFIED","20,627","5.1"
"CENSUS","2017","END OF DEC","","NATIONAL","US TOTAL","","","","","","","","00000000","","HOGS","HOGS, FARROW TO WEAN - INVENTORY","TOTAL","NOT SPECIFIED","8,975,159","2.9"
"CENSUS","2017","END OF DEC","","NATIONAL","US TOTAL","","","","","","","","00000000","","HOGS","HOGS, FARROW TO WEAN - OPERATIONS WITH INVENTORY","TOTAL","NOT SPECIFIED","6,329","8.0"
"CENSUS","2017","END OF DEC","","NATIONAL","US TOTAL","","","","","","","","00000000","","HOGS","HOGS, FINISH ONLY - INVENTORY","TOTAL","NOT SPECIFIED","32,521,336","2.6"
"CENSUS","2017","END OF DEC","","NATIONAL","US TOTAL","","","","","","","","00000000","","HOGS","HOGS, FINISH ONLY - OPERATIONS WITH INVENTORY","TOTAL","NOT SPECIFIED","21,032","5.9"
"CENSUS","2017","END OF DEC","","NATIONAL","US TOTAL","","","","","","","","00000000","","HOGS","HOGS, INDEPENDENT GROWER - INVENTORY","TOTAL","NOT SPECIFIED","24,881,525","1.9"
"CENSUS","2017","END OF DEC","","NATIONAL","US TOTAL","","","","","","","","00000000","","HOGS","HOGS, INDEPENDENT GROWER - OPERATIONS WITH INVENTORY","TOTAL","NOT SPECIFIED","58,180","5.9"
"CENSUS","2017","END OF DEC","","NATIONAL","US TOTAL","","","","","","","","00000000","","HOGS","HOGS, NURSERY - INVENTORY","TOTAL","NOT SPECIFIED","5,761,968","7.9"
"CENSUS","2017","END OF DEC","","NATIONAL","US TOTAL","","","","","","","","00000000","","HOGS","HOGS, NURSERY - OPERATIONS WITH INVENTORY","TOTAL","NOT SPECIFIED","1,775","14.1"
"CENSUS","2017","END OF DEC","","NATIONAL","US TOTAL","","","","","","","","00000000","","HOGS","HOGS, OTHER PRACTICES - INVENTORY","TOTAL","NOT SPECIFIED","5,096,047","4.6"
"CENSUS","2017","END OF DEC","","NATIONAL","US TOTAL","","","","","","","","00000000","","HOGS","HOGS, OTHER PRACTICES - OPERATIONS WITH INVENTORY","TOTAL","NOT SPECIFIED","10,482","11.0"
"CENSUS","2012","END OF DEC","","NATIONAL","US TOTAL","","","","","","","","00000000","","HOGS","HOGS - INVENTORY","TOTAL","NOT SPECIFIED","66,026,785","3.4"
"CENSUS","2012","END OF DEC","","NATIONAL","US TOTAL","","","","","","","","00000000","","HOGS","HOGS - OPERATIONS WITH INVENTORY","TOTAL","NOT SPECIFIED","63,246","4.4"
"CENSUS","2012","END OF DEC","","NATIONAL","US TOTAL","","","","","","","","00000000","","HOGS","HOGS, BREEDING - INVENTORY","TOTAL","NOT SPECIFIED","5,709,339","2.4"
"CENSUS","2012","END OF DEC","","NATIONAL","US TOTAL","","","","","","","","00000000","","HOGS","HOGS, BREEDING - OPERATIONS WITH INVENTORY","TOTAL","NOT SPECIFIED","27,984","6.0"
"CENSUS","2012","END OF DEC","","NATIONAL","US TOTAL","","","","","","","","00000000","","HOGS","HOGS, CONTRACT GROWER (CONTRACTEE) - INVENTORY","TOTAL","NOT SPECIFIED","27,147,609","7.4"
"CENSUS","2012","END OF DEC","","NATIONAL","US TOTAL","","","","","","","","00000000","","HOGS","HOGS, CONTRACT GROWER (CONTRACTEE) - OPERATIONS WITH INVENTORY","TOTAL","NOT SPECIFIED","7,122","5.2"
"CENSUS","2012","END OF DEC","","NATIONAL","US TOTAL","","","","","","","","00000000","","HOGS","HOGS, CONTRACTOR OR INTEGRATOR - INVENTORY","TOTAL","NOT SPECIFIED","5,656,355","4.1"
"CENSUS","2012","END OF DEC","","NATIONAL","US TOTAL","","","","","","","","00000000","","HOGS","HOGS, CONTRACTOR OR INTEGRATOR - OPERATIONS WITH INVENTORY","TOTAL","NOT SPECIFIED","558","10.0"
"CENSUS","2012","END OF DEC","","NATIONAL","US TOTAL","","","","","","","","00000000","","HOGS","HOGS, FARROW TO FEEDER - INVENTORY","TOTAL","NOT SPECIFIED","1,627,848","5.2"
"CENSUS","2012","END OF DEC","","NATIONAL","US TOTAL","","","","","","","","00000000","","HOGS","HOGS, FARROW TO FEEDER - OPERATIONS WITH INVENTORY","TOTAL","NOT SPECIFIED","5,303","5.1"
"CENSUS","2012","END OF DEC","","NATIONAL","US TOTAL","","","","","","","","00000000","","HOGS","HOGS, FARROW TO FINISH - INVENTORY","TOTAL","NOT SPECIFIED","17,881,900","2.3"
"CENSUS","2012","END OF DEC","","NATIONAL","US TOTAL","","","","","","","","00000000","","HOGS","HOGS, FARROW TO FINISH - OPERATIONS WITH INVENTORY","TOTAL","NOT SPECIFIED","17,102","6.4"
"CENSUS","2012","END OF DEC","","NATIONAL","US TOTAL","","","","","","","","00000000","","HOGS","HOGS, FARROW TO WEAN - INVENTORY","TOTAL","NOT SPECIFIED","6,727,367","5.6"
"CENSUS","2012","END OF DEC","","NATIONAL","US TOTAL","","","","","","","","00000000","","HOGS","HOGS, FARROW TO WEAN - OPERATIONS WITH INVENTORY","TOTAL","NOT SPECIFIED","5,424","6.0"
"CENSUS","2012","END OF DEC","","NATIONAL","US TOTAL","","","","","","","","00000000","","HOGS","HOGS, FINISH ONLY - INVENTORY","TOTAL","NOT SPECIFIED","29,394,731","2.7"
"CENSUS","2012","END OF DEC","","NATIONAL","US TOTAL","","","","","","","","00000000","","HOGS","HOGS, FINISH ONLY - OPERATIONS WITH INVENTORY","TOTAL","NOT SPECIFIED","23,111","3.1"
"CENSUS","2012","END OF DEC","","NATIONAL","US TOTAL","","","","","","","","00000000","","HOGS","HOGS, INDEPENDENT GROWER - INVENTORY","TOTAL","NOT SPECIFIED","33,222,821","1.2"
"CENSUS","2012","END OF DEC","","NATIONAL","US TOTAL","","","","","","","","00000000","","HOGS","HOGS, INDEPENDENT GROWER - OPERATIONS WITH INVENTORY","TOTAL","NOT SPECIFIED","55,566","4.8"
"CENSUS","2012","END OF DEC","","NATIONAL","US TOTAL","","","","","","","","00000000","","HOGS","HOGS, MARKET - INVENTORY","TOTAL","NOT SPECIFIED","60,317,446","3.5"
"CENSUS","2012","END OF DEC","","NATIONAL","US TOTAL","","","","","","","","00000000","","HOGS","HOGS, MARKET - OPERATIONS WITH INVENTORY","TOTAL","NOT SPECIFIED","55,006","3.8"
"CENSUS","2012","END OF DEC","","NATIONAL","US TOTAL","","","","","","","","00000000","","HOGS","HOGS, NURSERY - INVENTORY","TOTAL","NOT SPECIFIED","5,340,637","17.0"
"CENSUS","2012","END OF DEC","","NATIONAL","US TOTAL","","","","","","","","00000000","","HOGS","HOGS, NURSERY - OPERATIONS WITH INVENTORY","TOTAL","NOT SPECIFIED","1,559","17.6"
"CENSUS","2012","END OF DEC","","NATIONAL","US TOTAL","","","","","","","","00000000","","HOGS","HOGS, OTHER PRACTICES - INVENTORY","TOTAL","NOT SPECIFIED","5,054,302","2.8"
"CENSUS","2012","END OF DEC","","NATIONAL","US TOTAL","","","","","","","","00000000","","HOGS","HOGS, OTHER PRACTICES - OPERATIONS WITH INVENTORY","TOTAL","NOT SPECIFIED","10,747","4.4"
"SURVEY","2022","FIRST OF MAR","","NATIONAL","US TOTAL","","","","","","","","00000000","","HOGS","HOGS - INVENTORY","TOTAL","NOT SPECIFIED","72,209,100",""
"SURVEY","2022","FIRST OF MAR","","NATIONAL","US TOTAL","","","","","","","","00000000","","HOGS","HOGS, BREEDING - INVENTORY","TOTAL","NOT SPECIFIED","6,097,800",""
"SURVEY","2022","FIRST OF MAR","","NATIONAL","US TOTAL","","","","","","","","00000000","","HOGS","HOGS, MARKET - INVENTORY","TOTAL","NOT SPECIFIED","66,111,300",""
"SURVEY","2022","FIRST OF MAR","","NATIONAL","US TOTAL","","","","","","","","00000000","","HOGS","HOGS, MARKET, 120 TO 179 LBS - INVENTORY","TOTAL","NOT SPECIFIED","14,833,100",""
"SURVEY","2022","FIRST OF MAR","","NATIONAL","US TOTAL","","","","","","","","00000000","","HOGS","HOGS, MARKET, 50 TO 119 LBS - INVENTORY","TOTAL","NOT SPECIFIED","18,764,800",""
"SURVEY","2022","FIRST OF MAR","","NATIONAL","US TOTAL","","","","","","","","00000000","","HOGS","HOGS, MARKET, GE 180 LBS - INVENTORY","TOTAL","NOT SPECIFIED","12,468,200",""
"SURVEY","2022","FIRST OF MAR","","NATIONAL","US TOTAL","","","","","","","","00000000","","HOGS","HOGS, MARKET, LT 50 LBS - INVENTORY","TOTAL","NOT SPECIFIED","20,045,200",""
"SURVEY","2021","FIRST OF MAR","","NATIONAL","US TOTAL","","","","","","","","00000000","","HOGS","HOGS - INVENTORY","TOTAL","NOT SPECIFIED","73,933,000",""
"SURVEY","2021","FIRST OF MAR","","NATIONAL","US TOTAL","","","","","","","","00000000","","HOGS","HOGS, BREEDING - INVENTORY","TOTAL","NOT SPECIFIED","6,214,900",""
"SURVEY","2021","FIRST OF MAR","","NATIONAL","US TOTAL","","","","","","","","00000000","","HOGS","HOGS, MARKET - INVENTORY","TOTAL","NOT SPECIFIED","67,718,100",""
"SURVEY","2021","FIRST OF MAR","","NATIONAL","US TOTAL","","","","","","","","00000000","","HOGS","HOGS, MARKET, 120 TO 179 LBS - INVENTORY","TOTAL","NOT SPECIFIED","15,375,400",""
"SURVEY","2021","FIRST OF MAR","","NATIONAL","US TOTAL","","","","","","","","00000000","","HOGS","HOGS, MARKET, 50 TO 119 LBS - INVENTORY","TOTAL","NOT SPECIFIED","19,138,300",""
"SURVEY","2021","FIRST OF MAR","","NATIONAL","US TOTAL","","","","","","","","00000000","","HOGS","HOGS, MARKET, GE 180 LBS - INVENTORY","TOTAL","NOT SPECIFIED","12,966,300",""
"SURVEY","2021","FIRST OF MAR","","NATIONAL","US TOTAL","","","","","","","","00000000","","HOGS","HOGS, MARKET, LT 50 LBS - INVENTORY","TOTAL","NOT SPECIFIED","20,238,100",""
"SURVEY","2021","FIRST OF JUN","","NATIONAL","US TOTAL","","","","","","","","00000000","","HOGS","HOGS - INVENTORY","TOTAL","NOT SPECIFIED","73,153,000",""
"SURVEY","2021","FIRST OF JUN","","NATIONAL","US TOTAL","","","","","","","","00000000","","HOGS","HOGS, BREEDING - INVENTORY","TOTAL","NOT SPECIFIED","6,219,900",""
"SURVEY","2021","FIRST OF JUN","","NATIONAL","US TOTAL","","","","","","","","00000000","","HOGS","HOGS, MARKET - INVENTORY","TOTAL","NOT SPECIFIED","66,933,100",""
"SURVEY","2021","FIRST OF JUN","","NATIONAL","US TOTAL","","","","","","","","00000000","","HOGS","HOGS, MARKET, 120 TO 179 LBS - INVENTORY","TOTAL","NOT SPECIFIED","13,830,400",""
"SURVEY","2021","FIRST OF JUN","","NATIONAL","US TOTAL","","","","","","","","00000000","","HOGS","HOGS, MARKET, 50 TO 119 LBS - INVENTORY","TOTAL","NOT SPECIFIED","18,919,300",""
"SURVEY","2021","FIRST OF JUN","","NATIONAL","US TOTAL","","","","","","","","00000000","","HOGS","HOGS, MARKET, GE 180 LBS - INVENTORY","TOTAL","NOT SPECIFIED","12,829,300",""
"SURVEY","2021","FIRST OF JUN","","NATIONAL","US TOTAL","","","","","","","","00000000","","HOGS","HOGS, MARKET, LT 50 LBS - INVENTORY","TOTAL","NOT SPECIFIED","21,354,100",""
"SURVEY","2021","FIRST OF SEP","","NATIONAL","US TOTAL","","","","","","","","00000000","","HOGS","HOGS - INVENTORY","TOTAL","NOT SPECIFIED","74,867,000",""
"SURVEY","2021","FIRST OF SEP","","NATIONAL","US TOTAL","","","","","","","","00000000","","HOGS","HOGS, BREEDING - INVENTORY","TOTAL","NOT SPECIFIED","6,189,900",""
"SURVEY","2021","FIRST OF SEP","","NATIONAL","US TOTAL","","","","","","","","00000000","","HOGS","HOGS, MARKET - INVENTORY","TOTAL","NOT SPECIFIED","68,677,100",""
"SURVEY","2021","FIRST OF SEP","","NATIONAL","US TOTAL","","","","","","","","00000000","","HOGS","HOGS, MARKET, 120 TO 179 LBS - INVENTORY","TOTAL","NOT SPECIFIED","14,246,400",""
"SURVEY","2021","FIRST OF SEP","","NATIONAL","US TOTAL","","","","","","","","00000000","","HOGS","HOGS, MARKET, 50 TO 119 LBS - INVENTORY","TOTAL","NOT SPECIFIED","20,211,300",""
"SURVEY","2021","FIRST OF SEP","","NATIONAL","US TOTAL","","","","","","","","00000000","","HOGS","HOGS, MARKET, GE 180 LBS - INVENTORY","TOTAL","NOT SPECIFIED","12,529,300",""
"SURVEY","2021","FIRST OF SEP","","NATIONAL","US TOTAL","","","","","","","","00000000","","HOGS","HOGS, MARKET, LT 50 LBS - INVENTORY","TOTAL","NOT SPECIFIED","21,690,100",""
"SURVEY","2021","FIRST OF DEC","","NATIONAL","US TOTAL","","","","","","","","00000000","","HOGS","HOGS - INVENTORY","TOTAL","NOT SPECIFIED","74,146,100",""
"SURVEY","2021","FIRST OF DEC","","NATIONAL","US TOTAL","","","","","","","","00000000","","HOGS","HOGS - INVENTORY, MEASURED IN $","TOTAL","NOT SPECIFIED","8,703,651,000",""
"SURVEY","2021","FIRST OF DEC","","NATIONAL","US TOTAL","","","","","","","","00000000","","HOGS","HOGS - INVENTORY, MEASURED IN $ / HEAD","TOTAL","NOT SPECIFIED","117",""
"SURVEY","2021","FIRST OF DEC","","NATIONAL","US TOTAL","","","","","","","","00000000","","HOGS","HOGS, BREEDING - INVENTORY","TOTAL","NOT SPECIFIED","6,124,800",""
"SURVEY","2021","FIRST OF DEC","","NATIONAL","US TOTAL","","","","","","","","00000000","","HOGS","HOGS, MARKET - INVENTORY","TOTAL","NOT SPECIFIED","68,021,300",""
"SURVEY","2021","FIRST OF DEC","","NATIONAL","US TOTAL","","","","","","","","00000000","","HOGS","HOGS, MARKET, 120 TO 179 LBS - INVENTORY","TOTAL","NOT SPECIFIED","14,314,100",""
"SURVEY","2021","FIRST OF DEC","","NATIONAL","US TOTAL","","","","","","","","00000000","","HOGS","HOGS, MARKET, 50 TO 119 LBS - INVENTORY","TOTAL","NOT SPECIFIED","19,184,800",""
"SURVEY","2021","FIRST OF DEC","","NATIONAL","US TOTAL","","","","","","","","00000000","","HOGS","HOGS, MARKET, GE 180 LBS - INVENTORY","TOTAL","NOT SPECIFIED","13,348,200",""
"SURVEY","2021","FIRST OF DEC","","NATIONAL","US TOTAL","","","","","","","","00000000","","HOGS","HOGS, MARKET, LT 50 LBS - INVENTORY","TOTAL","NOT SPECIFIED","21,174,200",""
"SURVEY","2020","FIRST OF MAR","","NATIONAL","US TOTAL","","","","","","","","00000000","","HOGS","HOGS - INVENTORY","TOTAL","NOT SPECIFIED","75,163,600",""
"SURVEY","2020","FIRST OF MAR","","NATIONAL","US TOTAL","","","","","","","","00000000","","HOGS","HOGS, BREEDING - INVENTORY","TOTAL","NOT SPECIFIED","6,425,100",""
"SURVEY","2020","FIRST OF MAR","","NATIONAL","US TOTAL","","","","","","","","00000000","","HOGS","HOGS, MARKET - INVENTORY","TOTAL","NOT SPECIFIED","68,738,500",""
"SURVEY","2020","FIRST OF MAR","","NATIONAL","US TOTAL","","","","","","","","00000000","","HOGS","HOGS, MARKET, 120 TO 179 LBS - INVENTORY","TOTAL","NOT SPECIFIED","13,070,800",""
"SURVEY","2020","FIRST OF MAR","","NATIONAL","US TOTAL","","","","","","","","00000000","","HOGS","HOGS, MARKET, 50 TO 119 LBS - INVENTORY","TOTAL","NOT SPECIFIED","19,133,100",""
"SURVEY","2020","FIRST OF MAR","","NATIONAL","US TOTAL","","","","","","","","00000000","","HOGS","HOGS, MARKET, GE 180 LBS - INVENTORY","TOTAL","NOT SPECIFIED","13,793,400",""
"SURVEY","2020","FIRST OF MAR","","NATIONAL","US TOTAL","","","","","","","","00000000","","HOGS","HOGS, MARKET, LT 50 LBS - INVENTORY","TOTAL","NOT SPECIFIED","22,741,200",""
"SURVEY","2020","FIRST OF JUN","","NATIONAL","US TOTAL","","","","","","","","00000000","","HOGS","HOGS - INVENTORY","TOTAL","NOT SPECIFIED","77,663,600",""
"SURVEY","2020","FIRST OF JUN","","NATIONAL","US TOTAL","","","","","","","","00000000","","HOGS","HOGS, BREEDING - INVENTORY","TOTAL","NOT SPECIFIED","6,426,100",""
"SURVEY","2020","FIRST OF JUN","","NATIONAL","US TOTAL","","","","","","","","00000000","","HOGS","HOGS, MARKET - INVENTORY","TOTAL","NOT SPECIFIED","71,237,500",""
"SURVEY","2020","FIRST OF JUN","","NATIONAL","US TOTAL","","","","","","","","00000000","","HOGS","HOGS, MARKET, 120 TO 179 LBS - INVENTORY","TOTAL","NOT SPECIFIED","15,729,800",""
"SURVEY","2020","FIRST OF JUN","","NATIONAL","US TOTAL","","","","","","","","00000000","","HOGS","HOGS, MARKET, 50 TO 119 LBS - INVENTORY","TOTAL","NOT SPECIFIED","19,890,100",""
"SURVEY","2020","FIRST OF JUN","","NATIONAL","US TOTAL","","","","","","","","00000000","","HOGS","HOGS, MARKET, GE 180 LBS - INVENTORY","TOTAL","NOT SPECIFIED","13,517,400",""
"SURVEY","2020","FIRST OF JUN","","NATIONAL","US TOTAL","","","","","","","","00000000","","HOGS","HOGS, MARKET, LT 50 LBS - INVENTORY","TOTAL","NOT SPECIFIED","22,100,200",""
"SURVEY","2020","FIRST OF SEP","","NATIONAL","US TOTAL","","","","","","","","00000000","","HOGS","HOGS - INVENTORY","TOTAL","NOT SPECIFIED","78,103,600",""
"SURVEY","2020","FIRST OF SEP","","NATIONAL","US TOTAL","","","","","","","","00000000","","HOGS","HOGS, BREEDING - INVENTORY","TOTAL","NOT SPECIFIED","6,333,100",""
"SURVEY","2020","FIRST OF SEP","","NATIONAL","US TOTAL","","","","","","","","00000000","","HOGS","HOGS, MARKET - INVENTORY","TOTAL","NOT SPECIFIED","71,770,500",""
"SURVEY","2020","FIRST OF SEP","","NATIONAL","US TOTAL","","","","","","","","00000000","","HOGS","HOGS, MARKET, 120 TO 179 LBS - INVENTORY","TOTAL","NOT SPECIFIED","14,806,800",""
"SURVEY","2020","FIRST OF SEP","","NATIONAL","US TOTAL","","","","","","","","00000000","","HOGS","HOGS, MARKET, 50 TO 119 LBS - INVENTORY","TOTAL","NOT SPECIFIED","20,790,100",""
"SURVEY","2020","FIRST OF SEP","","NATIONAL","US TOTAL","","","","","","","","00000000","","HOGS","HOGS, MARKET, GE 180 LBS - INVENTORY","TOTAL","NOT SPECIFIED","12,939,400",""
"SURVEY","2020","FIRST OF SEP","","NATIONAL","US TOTAL","","","","","","","","00000000","","HOGS","HOGS, MARKET, LT 50 LBS - INVENTORY","TOTAL","NOT SPECIFIED","23,234,200",""
"SURVEY","2020","FIRST OF DEC","","NATIONAL","US TOTAL","","","","","","","","00000000","","HOGS","HOGS - INVENTORY","TOTAL","NOT SPECIFIED","77,312,000",""
"SURVEY","2020","FIRST OF DEC","","NATIONAL","US TOTAL","","","","","","","","00000000","","HOGS","HOGS - INVENTORY, MEASURED IN $","TOTAL","NOT SPECIFIED","7,734,793,000",""
"SURVEY","2020","FIRST OF DEC","","NATIONAL","US TOTAL","","","","","","","","00000000","","HOGS","HOGS - INVENTORY, MEASURED IN $ / HEAD","TOTAL","NOT SPECIFIED","100",""
"SURVEY","2020","FIRST OF DEC","","NATIONAL","US TOTAL","","","","","","","","00000000","","HOGS","HOGS, BREEDING - INVENTORY","TOTAL","NOT SPECIFIED","6,175,900",""
"SURVEY","2020","FIRST OF DEC","","NATIONAL","US TOTAL","","","","","","","","00000000","","HOGS","HOGS, MARKET - INVENTORY","TOTAL","NOT SPECIFIED","71,136,100",""
"SURVEY","2020","FIRST OF DEC","","NATIONAL","US TOTAL","","","","","","","","00000000","","HOGS","HOGS, MARKET, 120 TO 179 LBS - INVENTORY","TOTAL","NOT SPECIFIED","15,791,400",""
"SURVEY","2020","FIRST OF DEC","","NATIONAL","US TOTAL","","","","","","","","00000000","","HOGS","HOGS, MARKET, 50 TO 119 LBS - INVENTORY","TOTAL","NOT SPECIFIED","19,680,300",""
"SURVEY","2020","FIRST OF DEC","","NATIONAL","US TOTAL","","","","","","","","00000000","","HOGS","HOGS, MARKET, GE 180 LBS - INVENTORY","TOTAL","NOT SPECIFIED","13,675,300",""
"SURVEY","2020","FIRST OF DEC","","NATIONAL","US TOTAL","","","","","","","","00000000","","HOGS","HOGS, MARKET, LT 50 LBS - INVENTORY","TOTAL","NOT SPECIFIED","21,989,100",""
"SURVEY","2019","FIRST OF MAR","","NATIONAL","US TOTAL","","","","","","","","00000000","","HOGS","HOGS - INVENTORY","TOTAL","NOT SPECIFIED","74,661,200",""
"SURVEY","2019","FIRST OF MAR","","NATIONAL","US TOTAL","","","","","","","","00000000","","HOGS","HOGS, BREEDING - INVENTORY","TOTAL","NOT SPECIFIED","6,348,600",""
"SURVEY","2019","FIRST OF MAR","","NATIONAL","US TOTAL","","","","","","","","00000000","","HOGS","HOGS, MARKET - INVENTORY","TOTAL","NOT SPECIFIED","68,312,600",""
"SURVEY","2019","FIRST OF MAR","","NATIONAL","US TOTAL","","","","","","","","00000000","","HOGS","HOGS, MARKET, 120 TO 179 LBS - INVENTORY","TOTAL","NOT SPECIFIED","15,000,600",""
"SURVEY","2019","FIRST OF MAR","","NATIONAL","US TOTAL","","","","","","","","00000000","","HOGS","HOGS, MARKET, 50 TO 119 LBS - INVENTORY","TOTAL","NOT SPECIFIED","19,168,000",""
"SURVEY","2019","FIRST OF MAR","","NATIONAL","US TOTAL","","","","","","","","00000000","","HOGS","HOGS, MARKET, GE 180 LBS - INVENTORY","TOTAL","NOT SPECIFIED","12,771,000",""
"SURVEY","2019","FIRST OF MAR","","NATIONAL","US TOTAL","","","","","","","","00000000","","HOGS","HOGS, MARKET, LT 50 LBS - INVENTORY","TOTAL","NOT SPECIFIED","21,373,000",""
"SURVEY","2019","FIRST OF JUN","","NATIONAL","US TOTAL","","","","","","","","00000000","","HOGS","HOGS - INVENTORY","TOTAL","NOT SPECIFIED","75,725,200",""
"SURVEY","2019","FIRST OF JUN","","NATIONAL","US TOTAL","","","","","","","","00000000","","HOGS","HOGS, BREEDING - INVENTORY","TOTAL","NOT SPECIFIED","6,409,600",""
"SURVEY","2019","FIRST OF JUN","","NATIONAL","US TOTAL","","","","","","","","00000000","","HOGS","HOGS, MARKET - INVENTORY","TOTAL","NOT SPECIFIED","69,315,600",""
"SURVEY","2019","FIRST OF JUN","","NATIONAL","US TOTAL","","","","","","","","00000000","","HOGS","HOGS, MARKET, 120 TO 179 LBS - INVENTORY","TOTAL","NOT SPECIFIED","14,395,600",""
"SURVEY","2019","FIRST OF JUN","","NATIONAL","US TOTAL","","","","","","","","00000000","","HOGS","HOGS, MARKET, 50 TO 119 LBS - INVENTORY","TOTAL","NOT SPECIFIED","19,693,000",""
"SURVEY","2019","FIRST OF JUN","","NATIONAL","US TOTAL","","","","","","","","00000000","","HOGS","HOGS, MARKET, GE 180 LBS - INVENTORY","TOTAL","NOT SPECIFIED","13,017,000",""
"SURVEY","2019","FIRST OF JUN","","NATIONAL","US TOTAL","","","","","","","","00000000","","HOGS","HOGS, MARKET, LT 50 LBS - INVENTORY","TOTAL","NOT SPECIFIED","22,210,000",""
"SURVEY","2019","FIRST OF SEP","","NATIONAL","US TOTAL","","","","","","","","00000000","","HOGS","HOGS - INVENTORY","TOTAL","NOT SPECIFIED","78,583,200",""
"SURVEY","2019","FIRST OF SEP","","NATIONAL","US TOTAL","","","","","","","","00000000","","HOGS","HOGS, BREEDING - INVENTORY","TOTAL","NOT SPECIFIED","6,430,600",""
"SURVEY","2019","FIRST OF SEP","","NATIONAL","US TOTAL","","","","","","","","00000000","","HOGS","HOGS, MARKET - INVENTORY","TOTAL","NOT SPECIFIED","72,152,600",""
"SURVEY","2019","FIRST OF SEP","","NATIONAL","US TOTAL","","","","","","","","00000000","","HOGS","HOGS, MARKET, 120 TO 179 LBS - INVENTORY","TOTAL","NOT SPECIFIED","14,653,600",""
"SURVEY","2019","FIRST OF SEP","","NATIONAL","US TOTAL","","","","","","","","00000000","","HOGS","HOGS, MARKET, 50 TO 119 LBS - INVENTORY","TOTAL","NOT SPECIFIED","21,224,000",""
"SURVEY","2019","FIRST OF SEP","","NATIONAL","US TOTAL","","","","","","","","00000000","","HOGS","HOGS, MARKET, GE 180 LBS - INVENTORY","TOTAL","NOT SPECIFIED","12,899,000",""
"SURVEY","2019","FIRST OF SEP","","NATIONAL","US TOTAL","","","","","","","","00000000","","HOGS","HOGS, MARKET, LT 50 LBS - INVENTORY","TOTAL","NOT SPECIFIED","23,376,000",""
"SURVEY","2019","FIRST OF DEC","","NATIONAL","US TOTAL","","","","","","","","00000000","","HOGS","HOGS - INVENTORY","TOTAL","NOT SPECIFIED","76,832,600",""
"SURVEY","2019","FIRST OF DEC","","NATIONAL","US TOTAL","","","","","","","","00000000","","HOGS","HOGS - INVENTORY, MEASURED IN $","TOTAL","NOT SPECIFIED","7,978,419,000",""
"SURVEY","2019","FIRST OF DEC","","NATIONAL","US TOTAL","","","","","","","","00000000","","HOGS","HOGS - INVENTORY, MEASURED IN $ / HEAD","TOTAL","NOT SPECIFIED","102",""
"SURVEY","2019","FIRST OF DEC","","NATIONAL","US TOTAL","","","","","","","","00000000","","HOGS","HOGS, BREEDING - INVENTORY","TOTAL","NOT SPECIFIED","6,551,100",""
"SURVEY","2019","FIRST OF DEC","","NATIONAL","US TOTAL","","","","","","","","00000000","","HOGS","HOGS, MARKET - INVENTORY","TOTAL","NOT SPECIFIED","70,281,500",""
"SURVEY","2019","FIRST OF DEC","","NATIONAL","US TOTAL","","","","","","","","00000000","","HOGS","HOGS, MARKET, 120 TO 179 LBS - INVENTORY","TOTAL","NOT SPECIFIED","15,255,800",""
"SURVEY","2019","FIRST OF DEC","","NATIONAL","US TOTAL","","","","","","","","00000000","","HOGS","HOGS, MARKET, 50 TO 119 LBS - INVENTORY","TOTAL","NOT SPECIFIED","20,696,100",""
"SURVEY","2019","FIRST OF DEC","","NATIONAL","US TOTAL","","","","","","","","00000000","","HOGS","HOGS, MARKET, GE 180 LBS - INVENTORY","TOTAL","NOT SPECIFIED","13,876,400",""
"SURVEY","2019","FIRST OF DEC","","NATIONAL","US TOTAL","","","","","","","","00000000","","HOGS","HOGS, MARKET, LT 50 LBS - INVENTORY","TOTAL","NOT SPECIFIED","20,453,200",""
"SURVEY","2018","FIRST OF MAR","","NATIONAL","US TOTAL","","","","","","","","00000000","","HOGS","HOGS - INVENTORY","TOTAL","NOT SPECIFIED","72,054,900",""
"SURVEY","2018","FIRST OF MAR","","NATIONAL","US TOTAL","","","","","","","","00000000","","HOGS","HOGS, BREEDING - INVENTORY","TOTAL","NOT SPECIFIED","6,210,000",""
"SURVEY","2018","FIRST OF MAR","","NATIONAL","US TOTAL","","","","","","","","00000000","","HOGS","HOGS, MARKET - INVENTORY","TOTAL","NOT SPECIFIED","65,844,900",""
"SURVEY","2018","FIRST OF MAR","","NATIONAL","US TOTAL","","","","","","","","00000000","","HOGS","HOGS, MARKET, 120 TO 179 LBS - INVENTORY","TOTAL","NOT SPECIFIED","15,062,300",""
"SURVEY","2018","FIRST OF MAR","","NATIONAL","US TOTAL","","","","","","","","00000000","","HOGS","HOGS, MARKET, 50 TO 119 LBS - INVENTORY","TOTAL","NOT SPECIFIED","17,929,300",""
"SURVEY","2018","FIRST OF MAR","","NATIONAL","US TOTAL","","","","","","","","00000000","","HOGS","HOGS, MARKET, GE 180 LBS - INVENTORY","TOTAL","NOT SPECIFIED","12,300,400",""
"SURVEY","2018","FIRST OF MAR","","NATIONAL","US TOTAL","","","","","","","","00000000","","HOGS","HOGS, MARKET, LT 50 LBS - INVENTORY","TOTAL","NOT SPECIFIED","20,552,900",""
"SURVEY","2018","FIRST OF JUN","","NATIONAL","US TOTAL","","","","","","","","00000000","","HOGS","HOGS - INVENTORY","TOTAL","NOT SPECIFIED","72,230,900",""
"SURVEY","2018","FIRST OF JUN","","NATIONAL","US TOTAL","","","","","","","","00000000","","HOGS","HOGS, BREEDING - INVENTORY","TOTAL","NOT SPECIFIED","6,320,000",""
"SURVEY","2018","FIRST OF JUN","","NATIONAL","US TOTAL","","","","","","","","00000000","","HOGS","HOGS, MARKET - INVENTORY","TOTAL","NOT SPECIFIED","65,910,900",""
"SURVEY","2018","FIRST OF JUN","","NATIONAL","US TOTAL","","","","","","","","00000000","","HOGS","HOGS, MARKET, 120 TO 179 LBS - INVENTORY","TOTAL","NOT SPECIFIED","13,898,300",""
"SURVEY","2018","FIRST OF JUN","","NATIONAL","US TOTAL","","","","","","","","00000000","","HOGS","HOGS, MARKET, 50 TO 119 LBS - INVENTORY","TOTAL","NOT SPECIFIED","18,846,300",""
"SURVEY","2018","FIRST OF JUN","","NATIONAL","US TOTAL","","","","","","","","00000000","","HOGS","HOGS, MARKET, GE 180 LBS - INVENTORY","TOTAL","NOT SPECIFIED","12,085,400",""
"SURVEY","2018","FIRST OF JUN","","NATIONAL","US TOTAL","","","","","","","","00000000","","HOGS","HOGS, MARKET, LT 50 LBS - INVENTORY","TOTAL","NOT SPECIFIED","21,080,900",""
"SURVEY","2018","FIRST OF SEP","","NATIONAL","US TOTAL","","","","","","","","00000000","","HOGS","HOGS - INVENTORY","TOTAL","NOT SPECIFIED","74,555,900",""
"SURVEY","2018","FIRST OF SEP","","NATIONAL","US TOTAL","","","","","","","","00000000","","HOGS","HOGS, BREEDING - INVENTORY","TOTAL","NOT SPECIFIED","6,330,000",""
"SURVEY","2018","FIRST OF SEP","","NATIONAL","US TOTAL","","","","","","","","00000000","","HOGS","HOGS, MARKET - INVENTORY","TOTAL","NOT SPECIFIED","68,225,900",""
"SURVEY","2018","FIRST OF SEP","","NATIONAL","US TOTAL","","","","","","","","00000000","","HOGS","HOGS, MARKET, 120 TO 179 LBS - INVENTORY","TOTAL","NOT SPECIFIED","13,986,300",""
"SURVEY","2018","FIRST OF SEP","","NATIONAL","US TOTAL","","","","","","","","00000000","","HOGS","HOGS, MARKET, 50 TO 119 LBS - INVENTORY","TOTAL","NOT SPECIFIED","20,099,300",""
"SURVEY","2018","FIRST OF SEP","","NATIONAL","US TOTAL","","","","","","","","00000000","","HOGS","HOGS, MARKET, GE 180 LBS - INVENTORY","TOTAL","NOT SPECIFIED","12,100,400",""
"SURVEY","2018","FIRST OF SEP","","NATIONAL","US TOTAL","","","","","","","","00000000","","HOGS","HOGS, MARKET, LT 50 LBS - INVENTORY","TOTAL","NOT SPECIFIED","22,039,900",""
"SURVEY","2018","FIRST OF DEC","","NATIONAL","US TOTAL","","","","","","","","00000000","","HOGS","HOGS - INVENTORY","TOTAL","NOT SPECIFIED","75,070,200",""
"SURVEY","2018","FIRST OF DEC","","NATIONAL","US TOTAL","","","","","","","","00000000","","HOGS","HOGS - INVENTORY, MEASURED IN $","TOTAL","NOT SPECIFIED","7,356,703,000",""
"SURVEY","2018","FIRST OF DEC","","NATIONAL","US TOTAL","","","","","","","","00000000","","HOGS","HOGS - INVENTORY, MEASURED IN $ / HEAD","TOTAL","NOT SPECIFIED","98",""
"SURVEY","2018","FIRST OF DEC","","NATIONAL","US TOTAL","","","","","","","","00000000","","HOGS","HOGS, BREEDING - INVENTORY","TOTAL","NOT SPECIFIED","6,325,600",""
"SURVEY","2018","FIRST OF DEC","","NATIONAL","US TOTAL","","","","","","","","00000000","","HOGS","HOGS, MARKET - INVENTORY","TOTAL","NOT SPECIFIED","68,744,600",""
"SURVEY","2018","FIRST OF DEC","","NATIONAL","US TOTAL","","","","","","","","00000000","","HOGS","HOGS, MARKET, 120 TO 179 LBS - INVENTORY","TOTAL","NOT SPECIFIED","14,322,600",""
"SURVEY","2018","FIRST OF DEC","","NATIONAL","US TOTAL","","","","","","","","00000000","","HOGS","HOGS, MARKET, 50 TO 119 LBS - INVENTORY","TOTAL","NOT SPECIFIED","19,369,000",""
"SURVEY","2018","FIRST OF DEC","","NATIONAL","US TOTAL","","","","","","","","00000000","","HOGS","HOGS, MARKET, GE 180 LBS - INVENTORY","TOTAL","NOT SPECIFIED","13,195,000",""
"SURVEY","2018","FIRST OF DEC","","NATIONAL","US TOTAL","","","","","","","","00000000","","HOGS","HOGS, MARKET, LT 50 LBS - INVENTORY","TOTAL","NOT SPECIFIED","21,858,000",""
"SURVEY","2017","FIRST OF MAR","","NATIONAL","US TOTAL","","","","","","","","00000000","","HOGS","HOGS - INVENTORY","TOTAL","NOT SPECIFIED","70,916,000",""
"SURVEY","2017","FIRST OF MAR","","NATIONAL","US TOTAL","","","","","","","","00000000","","HOGS","HOGS, BREEDING - INVENTORY","TOTAL","NOT SPECIFIED","6,098,000",""
"SURVEY","2017","FIRST OF MAR","","NATIONAL","US TOTAL","","","","","","","","00000000","","HOGS","HOGS, MARKET - INVENTORY","TOTAL","NOT SPECIFIED","64,818,000",""
"SURVEY","2017","FIRST OF MAR","","NATIONAL","US TOTAL","","","","","","","","00000000","","HOGS","HOGS, MARKET, 120 TO 179 LBS - INVENTORY","TOTAL","NOT SPECIFIED","14,485,000",""
"SURVEY","2017","FIRST OF MAR","","NATIONAL","US TOTAL","","","","","","","","00000000","","HOGS","HOGS, MARKET, 50 TO 119 LBS - INVENTORY","TOTAL","NOT SPECIFIED","17,942,000",""
"SURVEY","2017","FIRST OF MAR","","NATIONAL","US TOTAL","","","","","","","","00000000","","HOGS","HOGS, MARKET, GE 180 LBS - INVENTORY","TOTAL","NOT SPECIFIED","11,969,000",""
"SURVEY","2017","FIRST OF MAR","","NATIONAL","US TOTAL","","","","","","","","00000000","","HOGS","HOGS, MARKET, LT 50 LBS - INVENTORY","TOTAL","NOT SPECIFIED","20,422,000",""
"SURVEY","2017","FIRST OF JUN","","NATIONAL","US TOTAL","","","","","","","","00000000","","HOGS","HOGS - INVENTORY","TOTAL","NOT SPECIFIED","71,210,000",""
"SURVEY","2017","FIRST OF JUN","","NATIONAL","US TOTAL","","","","","","","","00000000","","HOGS","HOGS, BREEDING - INVENTORY","TOTAL","NOT SPECIFIED","6,109,000",""
"SURVEY","2017","FIRST OF JUN","","NATIONAL","US TOTAL","","","","","","","","00000000","","HOGS","HOGS, MARKET - INVENTORY","TOTAL","NOT SPECIFIED","65,101,000",""
"SURVEY","2017","FIRST OF JUN","","NATIONAL","US TOTAL","","","","","","","","00000000","","HOGS","HOGS, MARKET, 120 TO 179 LBS - INVENTORY","TOTAL","NOT SPECIFIED","13,696,000",""
"SURVEY","2017","FIRST OF JUN","","NATIONAL","US TOTAL","","","","","","","","00000000","","HOGS","HOGS, MARKET, 50 TO 119 LBS - INVENTORY","TOTAL","NOT SPECIFIED","18,841,000",""
"SURVEY","2017","FIRST OF JUN","","NATIONAL","US TOTAL","","","","","","","","00000000","","HOGS","HOGS, MARKET, GE 180 LBS - INVENTORY","TOTAL","NOT SPECIFIED","11,917,000",""
"SURVEY","2017","FIRST OF JUN","","NATIONAL","US TOTAL","","","","","","","","00000000","","HOGS","HOGS, MARKET, LT 50 LBS - INVENTORY","TOTAL","NOT SPECIFIED","20,647,000",""
"SURVEY","2017","FIRST OF SEP","","NATIONAL","US TOTAL","","","","","","","","00000000","","HOGS","HOGS - INVENTORY","TOTAL","NOT SPECIFIED","73,309,000",""
"SURVEY","2017","FIRST OF SEP","","NATIONAL","US TOTAL","","","","","","","","00000000","","HOGS","HOGS, BREEDING - INVENTORY","TOTAL","NOT SPECIFIED","6,117,000",""
"SURVEY","2017","FIRST OF SEP","","NATIONAL","US TOTAL","","","","","","","","00000000","","HOGS","HOGS, MARKET - INVENTORY","TOTAL","NOT SPECIFIED","67,192,000",""
"SURVEY","2017","FIRST OF SEP","","NATIONAL","US TOTAL","","","","","","","","00000000","","HOGS","HOGS, MARKET, 120 TO 179 LBS - INVENTORY","TOTAL","NOT SPECIFIED","13,874,000",""
"SURVEY","2017","FIRST OF SEP","","NATIONAL","US TOTAL","","","","","","","","00000000","","HOGS","HOGS, MARKET, 50 TO 119 LBS - INVENTORY","TOTAL","NOT SPECIFIED","19,757,000",""
"SURVEY","2017","FIRST OF SEP","","NATIONAL","US TOTAL","","","","","","","","00000000","","HOGS","HOGS, MARKET, GE 180 LBS - INVENTORY","TOTAL","NOT SPECIFIED","12,028,000",""
"SURVEY","2017","FIRST OF SEP","","NATIONAL","US TOTAL","","","","","","","","00000000","","HOGS","HOGS, MARKET, LT 50 LBS - INVENTORY","TOTAL","NOT SPECIFIED","21,533,000",""
"SURVEY","2017","FIRST OF DEC","","NATIONAL","US TOTAL","","","","","","","","00000000","","HOGS","HOGS - INVENTORY","TOTAL","NOT SPECIFIED","73,144,900",""
"SURVEY","2017","FIRST OF DEC","","NATIONAL","US TOTAL","","","","","","","","00000000","","HOGS","HOGS - INVENTORY, MEASURED IN $","TOTAL","NOT SPECIFIED","7,206,965,000",""
"SURVEY","2017","FIRST OF DEC","","NATIONAL","US TOTAL","","","","","","","","00000000","","HOGS","HOGS - INVENTORY, MEASURED IN $ / HEAD","TOTAL","NOT SPECIFIED","99",""
"SURVEY","2017","FIRST OF DEC","","NATIONAL","US TOTAL","","","","","","","","00000000","","HOGS","HOGS, BREEDING - INVENTORY","TOTAL","NOT SPECIFIED","6,179,000",""
"SURVEY","2017","FIRST OF DEC","","NATIONAL","US TOTAL","","","","","","","","00000000","","HOGS","HOGS, MARKET - INVENTORY","TOTAL","NOT SPECIFIED","66,966,000",""
"SURVEY","2017","FIRST OF DEC","","NATIONAL","US TOTAL","","","","","","","","00000000","","HOGS","HOGS, MARKET, 120 TO 179 LBS - INVENTORY","TOTAL","NOT SPECIFIED","13,925,000",""
"SURVEY","2017","FIRST OF DEC","","NATIONAL","US TOTAL","","","","","","","","00000000","","HOGS","HOGS, MARKET, 50 TO 119 LBS - INVENTORY","TOTAL","NOT SPECIFIED","18,544,000",""
"SURVEY","2017","FIRST OF DEC","","NATIONAL","US TOTAL","","","","","","","","00000000","","HOGS","HOGS, MARKET, GE 180 LBS - INVENTORY","TOTAL","NOT SPECIFIED","13,089,000",""
"SURVEY","2017","FIRST OF DEC","","NATIONAL","US TOTAL","","","","","","","","00000000","","HOGS","HOGS, MARKET, LT 50 LBS - INVENTORY","TOTAL","NOT SPECIFIED","21,407,000",""
"SURVEY","2016","FIRST OF MAR","","NATIONAL","US TOTAL","","","","","","","","00000000","","HOGS","HOGS - INVENTORY","TOTAL","NOT SPECIFIED","68,274,000",""
"SURVEY","2016","FIRST OF MAR","","NATIONAL","US TOTAL","","","","","","","","00000000","","HOGS","HOGS, BREEDING - INVENTORY","TOTAL","NOT SPECIFIED","5,980,000",""
"SURVEY","2016","FIRST OF MAR","","NATIONAL","US TOTAL","","","","","","","","00000000","","HOGS","HOGS, MARKET - INVENTORY","TOTAL","NOT SPECIFIED","62,294,000",""
"SURVEY","2016","FIRST OF MAR","","NATIONAL","US TOTAL","","","","","","","","00000000","","HOGS","HOGS, MARKET, 120 TO 179 LBS - INVENTORY","TOTAL","NOT SPECIFIED","13,879,000",""
"SURVEY","2016","FIRST OF MAR","","NATIONAL","US TOTAL","","","","","","","","00000000","","HOGS","HOGS, MARKET, 50 TO 119 LBS - INVENTORY","TOTAL","NOT SPECIFIED","17,198,000",""
"SURVEY","2016","FIRST OF MAR","","NATIONAL","US TOTAL","","","","","","","","00000000","","HOGS","HOGS, MARKET, GE 180 LBS - INVENTORY","TOTAL","NOT SPECIFIED","11,294,000",""
"SURVEY","2016","FIRST OF MAR","","NATIONAL","US TOTAL","","","","","","","","00000000","","HOGS","HOGS, MARKET, LT 50 LBS - INVENTORY","TOTAL","NOT SPECIFIED","19,922,000",""
"SURVEY","2016","FIRST OF JUN","","NATIONAL","US TOTAL","","","","","","","","00000000","","HOGS","HOGS - INVENTORY","TOTAL","NOT SPECIFIED","69,281,000",""
"SURVEY","2016","FIRST OF JUN","","NATIONAL","US TOTAL","","","","","","","","00000000","","HOGS","HOGS, BREEDING - INVENTORY","TOTAL","NOT SPECIFIED","5,979,000",""
"SURVEY","2016","FIRST OF JUN","","NATIONAL","US TOTAL","","","","","","","","00000000","","HOGS","HOGS, MARKET - INVENTORY","TOTAL","NOT SPECIFIED","63,302,000",""
"SURVEY","2016","FIRST OF JUN","","NATIONAL","US TOTAL","","","","","","","","00000000","","HOGS","HOGS, MARKET, 120 TO 179 LBS - INVENTORY","TOTAL","NOT SPECIFIED","13,291,000",""
"SURVEY","2016","FIRST OF JUN","","NATIONAL","US TOTAL","","","","","","","","00000000","","HOGS","HOGS, MARKET, 50 TO 119 LBS - INVENTORY","TOTAL","NOT SPECIFIED","18,198,000",""
"SURVEY","2016","FIRST OF JUN","","NATIONAL","US TOTAL","","","","","","","","00000000","","HOGS","HOGS, MARKET, GE 180 LBS - INVENTORY","TOTAL","NOT SPECIFIED","11,456,000",""
"SURVEY","2016","FIRST OF JUN","","NATIONAL","US TOTAL","","","","","","","","00000000","","HOGS","HOGS, MARKET, LT 50 LBS - INVENTORY","TOTAL","NOT SPECIFIED","20,356,000",""
"SURVEY","2016","FIRST OF SEP","","NATIONAL","US TOTAL","","","","","","","","00000000","","HOGS","HOGS - INVENTORY","TOTAL","NOT SPECIFIED","71,586,000",""
"SURVEY","2016","FIRST OF SEP","","NATIONAL","US TOTAL","","","","","","","","00000000","","HOGS","HOGS, BREEDING - INVENTORY","TOTAL","NOT SPECIFIED","6,016,000",""
"SURVEY","2016","FIRST OF SEP","","NATIONAL","US TOTAL","","","","","","","","00000000","","HOGS","HOGS, MARKET - INVENTORY","TOTAL","NOT SPECIFIED","65,570,000",""
"SURVEY","2016","FIRST OF SEP","","NATIONAL","US TOTAL","","","","","","","","00000000","","HOGS","HOGS, MARKET, 120 TO 179 LBS - INVENTORY","TOTAL","NOT SPECIFIED","13,475,000",""
"SURVEY","2016","FIRST OF SEP","","NATIONAL","US TOTAL","","","","","","","","00000000","","HOGS","HOGS, MARKET, 50 TO 119 LBS - INVENTORY","TOTAL","NOT SPECIFIED","19,271,000",""
"SURVEY","2016","FIRST OF SEP","","NATIONAL","US TOTAL","","","","","","","","00000000","","HOGS","HOGS, MARKET, GE 180 LBS - INVENTORY","TOTAL","NOT SPECIFIED","11,608,000",""
"SURVEY","2016","FIRST OF SEP","","NATIONAL","US TOTAL","","","","","","","","00000000","","HOGS","HOGS, MARKET, LT 50 LBS - INVENTORY","TOTAL","NOT SPECIFIED","21,215,000",""
"SURVEY","2016","FIRST OF DEC","","NATIONAL","US TOTAL","","","","","","","","00000000","","HOGS","HOGS - INVENTORY","TOTAL","NOT SPECIFIED","71,345,400",""
"SURVEY","2016","FIRST OF DEC","","NATIONAL","US TOTAL","","","","","","","","00000000","","HOGS","HOGS - INVENTORY, MEASURED IN $","TOTAL","NOT SPECIFIED","6,578,419,000",""
"SURVEY","2016","FIRST OF DEC","","NATIONAL","US TOTAL","","","","","","","","00000000","","HOGS","HOGS - INVENTORY, MEASURED IN $ / HEAD","TOTAL","NOT SPECIFIED","92",""
"SURVEY","2016","FIRST OF DEC","","NATIONAL","US TOTAL","","","","","","","","00000000","","HOGS","HOGS, BREEDING - INVENTORY","TOTAL","NOT SPECIFIED","6,110,000",""
"SURVEY","2016","FIRST OF DEC","","NATIONAL","US TOTAL","","","","","","","","00000000","","HOGS","HOGS, MARKET - INVENTORY","TOTAL","NOT SPECIFIED","65,235,000",""
"SURVEY","2016","FIRST OF DEC","","NATIONAL","US TOTAL","","","","","","","","00000000","","HOGS","HOGS, MARKET, 120 TO 179 LBS - INVENTORY","TOTAL","NOT SPECIFIED","13,711,000",""
"SURVEY","2016","FIRST OF DEC","","NATIONAL","US TOTAL","","","","","","","","00000000","","HOGS","HOGS, MARKET, 50 TO 119 LBS - INVENTORY","TOTAL","NOT SPECIFIED","18,077,000",""
"SURVEY","2016","FIRST OF DEC","","NATIONAL","US TOTAL","","","","","","","","00000000","","HOGS","HOGS, MARKET, GE 180 LBS - INVENTORY","TOTAL","NOT SPECIFIED","12,585,000",""
"SURVEY","2016","FIRST OF DEC","","NATIONAL","US TOTAL","","","","","","","","00000000","","HOGS","HOGS, MARKET, LT 50 LBS - INVENTORY","TOTAL","NOT SPECIFIED","20,862,000",""
"SURVEY","2015","FIRST OF MAR","","NATIONAL","US TOTAL","","","","","","","","00000000","","HOGS","HOGS - INVENTORY","TOTAL","NOT SPECIFIED","67,299,000",""
"SURVEY","2015","FIRST OF MAR","","NATIONAL","US TOTAL","","","","","","","","00000000","","HOGS","HOGS, BREEDING - INVENTORY","TOTAL","NOT SPECIFIED","5,982,000",""
"SURVEY","2015","FIRST OF MAR","","NATIONAL","US TOTAL","","","","","","","","00000000","","HOGS","HOGS, MARKET - INVENTORY","TOTAL","NOT SPECIFIED","61,318,000",""
"SURVEY","2015","FIRST OF MAR","","NATIONAL","US TOTAL","","","","","","","","00000000","","HOGS","HOGS, MARKET, 120 TO 179 LBS - INVENTORY","TOTAL","NOT SPECIFIED","13,530,000",""
"SURVEY","2015","FIRST OF MAR","","NATIONAL","US TOTAL","","","","","","","","00000000","","HOGS","HOGS, MARKET, 50 TO 119 LBS - INVENTORY","TOTAL","NOT SPECIFIED","17,129,000",""
"SURVEY","2015","FIRST OF MAR","","NATIONAL","US TOTAL","","","","","","","","00000000","","HOGS","HOGS, MARKET, GE 180 LBS - INVENTORY","TOTAL","NOT SPECIFIED","11,205,000",""
"SURVEY","2015","FIRST OF MAR","","NATIONAL","US TOTAL","","","","","","","","00000000","","HOGS","HOGS, MARKET, LT 50 LBS - INVENTORY","TOTAL","NOT SPECIFIED","19,454,000",""
"SURVEY","2015","FIRST OF JUN","","NATIONAL","US TOTAL","","","","","","","","00000000","","HOGS","HOGS - INVENTORY","TOTAL","NOT SPECIFIED","67,065,000",""
"SURVEY","2015","FIRST OF JUN","","NATIONAL","US TOTAL","","","","","","","","00000000","","HOGS","HOGS, BREEDING - INVENTORY","TOTAL","NOT SPECIFIED","5,926,000",""
"SURVEY","2015","FIRST OF JUN","","NATIONAL","US TOTAL","","","","","","","","00000000","","HOGS","HOGS, MARKET - INVENTORY","TOTAL","NOT SPECIFIED","61,140,000",""
"SURVEY","2015","FIRST OF JUN","","NATIONAL","US TOTAL","","","","","","","","00000000","","HOGS","HOGS, MARKET, 120 TO 179 LBS - INVENTORY","TOTAL","NOT SPECIFIED","12,935,000",""
"SURVEY","2015","FIRST OF JUN","","NATIONAL","US TOTAL","","","","","","","","00000000","","HOGS","HOGS, MARKET, 50 TO 119 LBS - INVENTORY","TOTAL","NOT SPECIFIED","17,461,000",""
"SURVEY","2015","FIRST OF JUN","","NATIONAL","US TOTAL","","","","","","","","00000000","","HOGS","HOGS, MARKET, GE 180 LBS - INVENTORY","TOTAL","NOT SPECIFIED","11,379,000",""
"SURVEY","2015","FIRST OF JUN","","NATIONAL","US TOTAL","","","","","","","","00000000","","HOGS","HOGS, MARKET, LT 50 LBS - INVENTORY","TOTAL","NOT SPECIFIED","19,365,000",""
"SURVEY","2015","FIRST OF SEP","","NATIONAL","US TOTAL","","","","","","","","00000000","","HOGS","HOGS - INVENTORY","TOTAL","NOT SPECIFIED","69,185,000",""
"SURVEY","2015","FIRST OF SEP","","NATIONAL","US TOTAL","","","","","","","","00000000","","HOGS","HOGS, BREEDING - INVENTORY","TOTAL","NOT SPECIFIED","5,986,000",""
"SURVEY","2015","FIRST OF SEP","","NATIONAL","US TOTAL","","","","","","","","00000000","","HOGS","HOGS, MARKET - INVENTORY","TOTAL","NOT SPECIFIED","63,200,000",""
"SURVEY","2015","FIRST OF SEP","","NATIONAL","US TOTAL","","","","","","","","00000000","","HOGS","HOGS, MARKET, 120 TO 179 LBS - INVENTORY","TOTAL","NOT SPECIFIED","12,855,000",""
"SURVEY","2015","FIRST OF SEP","","NATIONAL","US TOTAL","","","","","","","","00000000","","HOGS","HOGS, MARKET, 50 TO 119 LBS - INVENTORY","TOTAL","NOT SPECIFIED","18,496,000",""
"SURVEY","2015","FIRST OF SEP","","NATIONAL","US TOTAL","","","","","","","","00000000","","HOGS","HOGS, MARKET, GE 180 LBS - INVENTORY","TOTAL","NOT SPECIFIED","11,108,000",""
"SURVEY","2015","FIRST OF SEP","","NATIONAL","US TOTAL","","","","","","","","00000000","","HOGS","HOGS, MARKET, LT 50 LBS - INVENTORY","TOTAL","NOT SPECIFIED","20,741,000",""
"SURVEY","2015","FIRST OF DEC","","NATIONAL","US TOTAL","","","","","","","","00000000","","HOGS","HOGS - INVENTORY","TOTAL","NOT SPECIFIED","69,019,300",""
"SURVEY","2015","FIRST OF DEC","","NATIONAL","US TOTAL","","","","","","","","00000000","","HOGS","HOGS - INVENTORY, MEASURED IN $","TOTAL","NOT SPECIFIED","6,635,688,000",""
"SURVEY","2015","FIRST OF DEC","","NATIONAL","US TOTAL","","","","","","","","00000000","","HOGS","HOGS - INVENTORY, MEASURED IN $ / HEAD","TOTAL","NOT SPECIFIED","96",""
"SURVEY","2015","FIRST OF DEC","","NATIONAL","US TOTAL","","","","","","","","00000000","","HOGS","HOGS, BREEDING - INVENTORY","TOTAL","NOT SPECIFIED","6,002,000",""
"SURVEY","2015","FIRST OF DEC","","NATIONAL","US TOTAL","","","","","","","","00000000","","HOGS","HOGS, MARKET - INVENTORY","TOTAL","NOT SPECIFIED","63,017,000",""
"SURVEY","2015","FIRST OF DEC","","NATIONAL","US TOTAL","","","","","","","","00000000","","HOGS","HOGS, MARKET, 120 TO 179 LBS - INVENTORY","TOTAL","NOT SPECIFIED","13,440,000",""
"SURVEY","2015","FIRST OF DEC","","NATIONAL","US TOTAL","","","","","","","","00000000","","HOGS","HOGS, MARKET, 50 TO 119 LBS - INVENTORY","TOTAL","NOT SPECIFIED","17,262,000",""
"SURVEY","2015","FIRST OF DEC","","NATIONAL","US TOTAL","","","","","","","","00000000","","HOGS","HOGS, MARKET, GE 180 LBS - INVENTORY","TOTAL","NOT SPECIFIED","12,276,000",""
"SURVEY","2015","FIRST OF DEC","","NATIONAL","US TOTAL","","","","","","","","00000000","","HOGS","HOGS, MARKET, LT 50 LBS - INVENTORY","TOTAL","NOT SPECIFIED","20,038,000",""
"SURVEY","2014","FIRST OF MAR","","NATIONAL","US TOTAL","","","","","","","","00000000","","HOGS","HOGS - INVENTORY","TOTAL","NOT SPECIFIED","61,344,000",""
"SURVEY","2014","FIRST OF MAR","","NATIONAL","US TOTAL","","","","","","","","00000000","","HOGS","HOGS, BREEDING - INVENTORY","TOTAL","NOT SPECIFIED","5,851,000",""
"SURVEY","2014","FIRST OF MAR","","NATIONAL","US TOTAL","","","","","","","","00000000","","HOGS","HOGS, MARKET - INVENTORY","TOTAL","NOT SPECIFIED","55,493,000",""
"SURVEY","2014","FIRST OF MAR","","NATIONAL","US TOTAL","","","","","","","","00000000","","HOGS","HOGS, MARKET, 120 TO 179 LBS - INVENTORY","TOTAL","NOT SPECIFIED","12,448,000",""
"SURVEY","2014","FIRST OF MAR","","NATIONAL","US TOTAL","","","","","","","","00000000","","HOGS","HOGS, MARKET, 50 TO 119 LBS - INVENTORY","TOTAL","NOT SPECIFIED","15,487,000",""
"SURVEY","2014","FIRST OF MAR","","NATIONAL","US TOTAL","","","","","","","","00000000","","HOGS","HOGS, MARKET, GE 180 LBS - INVENTORY","TOTAL","NOT SPECIFIED","10,221,000",""
"SURVEY","2014","FIRST OF MAR","","NATIONAL","US TOTAL","","","","","","","","00000000","","HOGS","HOGS, MARKET, LT 50 LBS - INVENTORY","TOTAL","NOT SPECIFIED","17,336,000",""
"SURVEY","2014","FIRST OF JUN","","NATIONAL","US TOTAL","","","","","","","","00000000","","HOGS","HOGS - INVENTORY","TOTAL","NOT SPECIFIED","61,468,000",""
"SURVEY","2014","FIRST OF JUN","","NATIONAL","US TOTAL","","","","","","","","00000000","","HOGS","HOGS, BREEDING - INVENTORY","TOTAL","NOT SPECIFIED","5,855,000",""
"SURVEY","2014","FIRST OF JUN","","NATIONAL","US TOTAL","","","","","","","","00000000","","HOGS","HOGS, MARKET - INVENTORY","TOTAL","NOT SPECIFIED","55,613,000",""
"SURVEY","2014","FIRST OF JUN","","NATIONAL","US TOTAL","","","","","","","","00000000","","HOGS","HOGS, MARKET, 120 TO 179 LBS - INVENTORY","TOTAL","NOT SPECIFIED","11,471,000",""
"SURVEY","2014","FIRST OF JUN","","NATIONAL","US TOTAL","","","","","","","","00000000","","HOGS","HOGS, MARKET, 50 TO 119 LBS - INVENTORY","TOTAL","NOT SPECIFIED","15,801,000",""
"SURVEY","2014","FIRST OF JUN","","NATIONAL","US TOTAL","","","","","","","","00000000","","HOGS","HOGS, MARKET, GE 180 LBS - INVENTORY","TOTAL","NOT SPECIFIED","10,086,000",""
"SURVEY","2014","FIRST OF JUN","","NATIONAL","US TOTAL","","","","","","","","00000000","","HOGS","HOGS, MARKET, LT 50 LBS - INVENTORY","TOTAL","NOT SPECIFIED","18,254,000",""
"SURVEY","2014","FIRST OF SEP","","NATIONAL","US TOTAL","","","","","","","","00000000","","HOGS","HOGS - INVENTORY","TOTAL","NOT SPECIFIED","65,854,000",""
"SURVEY","2014","FIRST OF SEP","","NATIONAL","US TOTAL","","","","","","","","00000000","","HOGS","HOGS, BREEDING - INVENTORY","TOTAL","NOT SPECIFIED","5,920,000",""
"SURVEY","2014","FIRST OF SEP","","NATIONAL","US TOTAL","","","","","","","","00000000","","HOGS","HOGS, MARKET - INVENTORY","TOTAL","NOT SPECIFIED","59,934,000",""
"SURVEY","2014","FIRST OF SEP","","NATIONAL","US TOTAL","","","","","","","","00000000","","HOGS","HOGS, MARKET, 120 TO 179 LBS - INVENTORY","TOTAL","NOT SPECIFIED","12,012,000",""
"SURVEY","2014","FIRST OF SEP","","NATIONAL","US TOTAL","","","","","","","","00000000","","HOGS","HOGS, MARKET, 50 TO 119 LBS - INVENTORY","TOTAL","NOT SPECIFIED","17,458,000",""
"SURVEY","2014","FIRST OF SEP","","NATIONAL","US TOTAL","","","","","","","","00000000","","HOGS","HOGS, MARKET, GE 180 LBS - INVENTORY","TOTAL","NOT SPECIFIED","10,073,000",""
"SURVEY","2014","FIRST OF SEP","","NATIONAL","US TOTAL","","","","","","","","00000000","","HOGS","HOGS, MARKET, LT 50 LBS - INVENTORY","TOTAL","NOT SPECIFIED","20,390,000",""
"SURVEY","2014","FIRST OF DEC","","NATIONAL","US TOTAL","","","","","","","","00000000","","HOGS","HOGS - INVENTORY","TOTAL","NOT SPECIFIED","67,626,300",""
"SURVEY","2014","FIRST OF DEC","","NATIONAL","US TOTAL","","","","","","","","00000000","","HOGS","HOGS - INVENTORY, MEASURED IN $","TOTAL","NOT SPECIFIED","9,731,521,000",""
"SURVEY","2014","FIRST OF DEC","","NATIONAL","US TOTAL","","","","","","","","00000000","","HOGS","HOGS - INVENTORY, MEASURED IN $ / HEAD","TOTAL","NOT SPECIFIED","144",""
"SURVEY","2014","FIRST OF DEC","","NATIONAL","US TOTAL","","","","","","","","00000000","","HOGS","HOGS, BREEDING - INVENTORY","TOTAL","NOT SPECIFIED","5,939,000",""
"SURVEY","2014","FIRST OF DEC","","NATIONAL","US TOTAL","","","","","","","","00000000","","HOGS","HOGS, MARKET - INVENTORY","TOTAL","NOT SPECIFIED","61,688,000",""
"SURVEY","2014","FIRST OF DEC","","NATIONAL","US TOTAL","","","","","","","","00000000","","HOGS","HOGS, MARKET, 120 TO 179 LBS - INVENTORY","TOTAL","NOT SPECIFIED","13,000,000",""
"SURVEY","2014","FIRST OF DEC","","NATIONAL","US TOTAL","","","","","","","","00000000","","HOGS","HOGS, MARKET, 50 TO 119 LBS - INVENTORY","TOTAL","NOT SPECIFIED","17,296,000",""
"SURVEY","2014","FIRST OF DEC","","NATIONAL","US TOTAL","","","","","","","","00000000","","HOGS","HOGS, MARKET, GE 180 LBS - INVENTORY","TOTAL","NOT SPECIFIED","11,646,000",""
"SURVEY","2014","FIRST OF DEC","","NATIONAL","US TOTAL","","","","","","","","00000000","","HOGS","HOGS, MARKET, LT 50 LBS - INVENTORY","TOTAL","NOT SPECIFIED","19,746,000",""
"SURVEY","2013","FIRST OF MAR","","NATIONAL","US TOTAL","","","","","","","","00000000","","HOGS","HOGS - INVENTORY","TOTAL","NOT SPECIFIED","65,072,000",""
"SURVEY","2013","FIRST OF MAR","","NATIONAL","US TOTAL","","","","","","","","00000000","","HOGS","HOGS, BREEDING - INVENTORY","TOTAL","NOT SPECIFIED","5,836,000",""
"SURVEY","2013","FIRST OF MAR","","NATIONAL","US TOTAL","","","","","","","","00000000","","HOGS","HOGS, MARKET - INVENTORY","TOTAL","NOT SPECIFIED","59,236,000",""
"SURVEY","2013","FIRST OF MAR","","NATIONAL","US TOTAL","","","","","","","","00000000","","HOGS","HOGS, MARKET, 120 TO 179 LBS - INVENTORY","TOTAL","NOT SPECIFIED","13,169,000",""
"SURVEY","2013","FIRST OF MAR","","NATIONAL","US TOTAL","","","","","","","","00000000","","HOGS","HOGS, MARKET, 50 TO 119 LBS - INVENTORY","TOTAL","NOT SPECIFIED","16,251,000",""
"SURVEY","2013","FIRST OF MAR","","NATIONAL","US TOTAL","","","","","","","","00000000","","HOGS","HOGS, MARKET, GE 180 LBS - INVENTORY","TOTAL","NOT SPECIFIED","10,965,000",""
"SURVEY","2013","FIRST OF MAR","","NATIONAL","US TOTAL","","","","","","","","00000000","","HOGS","HOGS, MARKET, LT 50 LBS - INVENTORY","TOTAL","NOT SPECIFIED","18,852,000",""
"SURVEY","2013","FIRST OF JUN","","NATIONAL","US TOTAL","","","","","","","","00000000","","HOGS","HOGS - INVENTORY","TOTAL","NOT SPECIFIED","65,188,000",""
"SURVEY","2013","FIRST OF JUN","","NATIONAL","US TOTAL","","","","","","","","00000000","","HOGS","HOGS, BREEDING - INVENTORY","TOTAL","NOT SPECIFIED","5,884,000",""
"SURVEY","2013","FIRST OF JUN","","NATIONAL","US TOTAL","","","","","","","","00000000","","HOGS","HOGS, MARKET - INVENTORY","TOTAL","NOT SPECIFIED","59,304,000",""
"SURVEY","2013","FIRST OF JUN","","NATIONAL","US TOTAL","","","","","","","","00000000","","HOGS","HOGS, MARKET, 120 TO 179 LBS - INVENTORY","TOTAL","NOT SPECIFIED","12,414,000",""
"SURVEY","2013","FIRST OF JUN","","NATIONAL","US TOTAL","","","","","","","","00000000","","HOGS","HOGS, MARKET, 50 TO 119 LBS - INVENTORY","TOTAL","NOT SPECIFIED","17,068,000",""
"SURVEY","2013","FIRST OF JUN","","NATIONAL","US TOTAL","","","","","","","","00000000","","HOGS","HOGS, MARKET, GE 180 LBS - INVENTORY","TOTAL","NOT SPECIFIED","10,678,000",""
"SURVEY","2013","FIRST OF JUN","","NATIONAL","US TOTAL","","","","","","","","00000000","","HOGS","HOGS, MARKET, LT 50 LBS - INVENTORY","TOTAL","NOT SPECIFIED","19,145,000",""
"SURVEY","2013","FIRST OF SEP","","NATIONAL","US TOTAL","","","","","","","","00000000","","HOGS","HOGS - INVENTORY","TOTAL","NOT SPECIFIED","66,906,000",""
"SURVEY","2013","FIRST OF SEP","","NATIONAL","US TOTAL","","","","","","","","00000000","","HOGS","HOGS, BREEDING - INVENTORY","TOTAL","NOT SPECIFIED","5,816,000",""
"SURVEY","2013","FIRST OF SEP","","NATIONAL","US TOTAL","","","","","","","","00000000","","HOGS","HOGS, MARKET - INVENTORY","TOTAL","NOT SPECIFIED","61,090,000",""
"SURVEY","2013","FIRST OF SEP","","NATIONAL","US TOTAL","","","","","","","","00000000","","HOGS","HOGS, MARKET, 120 TO 179 LBS - INVENTORY","TOTAL","NOT SPECIFIED","12,584,000",""
"SURVEY","2013","FIRST OF SEP","","NATIONAL","US TOTAL","","","","","","","","00000000","","HOGS","HOGS, MARKET, 50 TO 119 LBS - INVENTORY","TOTAL","NOT SPECIFIED","17,958,000",""
"SURVEY","2013","FIRST OF SEP","","NATIONAL","US TOTAL","","","","","","","","00000000","","HOGS","HOGS, MARKET, GE 180 LBS - INVENTORY","TOTAL","NOT SPECIFIED","10,725,000",""
"SURVEY","2013","FIRST OF SEP","","NATIONAL","US TOTAL","","","","","","","","00000000","","HOGS","HOGS, MARKET, LT 50 LBS - INVENTORY","TOTAL","NOT SPECIFIED","19,824,000",""
"SURVEY","2013","FIRST OF DEC","","NATIONAL","US TOTAL","","","","","","","","00000000","","HOGS","HOGS - INVENTORY","TOTAL","NOT SPECIFIED","64,774,600",""
"SURVEY","2013","FIRST OF DEC","","NATIONAL","US TOTAL","","","","","","","","00000000","","HOGS","HOGS - INVENTORY, MEASURED IN $","TOTAL","NOT SPECIFIED","8,920,314,000",""
"SURVEY","2013","FIRST OF DEC","","NATIONAL","US TOTAL","","","","","","","","00000000","","HOGS","HOGS - INVENTORY, MEASURED IN $ / HEAD","TOTAL","NOT SPECIFIED","138",""
"SURVEY","2013","FIRST OF DEC","","NATIONAL","US TOTAL","","","","","","","","00000000","","HOGS","HOGS, BREEDING - INVENTORY","TOTAL","NOT SPECIFIED","5,757,000",""
"SURVEY","2013","FIRST OF DEC","","NATIONAL","US TOTAL","","","","","","","","00000000","","HOGS","HOGS, MARKET - INVENTORY","TOTAL","NOT SPECIFIED","59,018,000",""
"SURVEY","2013","FIRST OF DEC","","NATIONAL","US TOTAL","","","","","","","","00000000","","HOGS","HOGS, MARKET, 120 TO 179 LBS - INVENTORY","TOTAL","NOT SPECIFIED","12,576,000",""
"SURVEY","2013","FIRST OF DEC","","NATIONAL","US TOTAL","","","","","","","","00000000","","HOGS","HOGS, MARKET, 50 TO 119 LBS - INVENTORY","TOTAL","NOT SPECIFIED","16,080,000",""
"SURVEY","2013","FIRST OF DEC","","NATIONAL","US TOTAL","","","","","","","","00000000","","HOGS","HOGS, MARKET, GE 180 LBS - INVENTORY","TOTAL","NOT SPECIFIED","11,972,000",""
"SURVEY","2013","FIRST OF DEC","","NATIONAL","US TOTAL","","","","","","","","00000000","","HOGS","HOGS, MARKET, LT 50 LBS - INVENTORY","TOTAL","NOT SPECIFIED","18,389,000",""
"SURVEY","2012","FIRST OF MAR","","NATIONAL","US TOTAL","","","","","","","","00000000","","HOGS","HOGS - INVENTORY","TOTAL","NOT SPECIFIED","64,777,000",""
"SURVEY","2012","FIRST OF MAR","","NATIONAL","US TOTAL","","","","","","","","00000000","","HOGS","HOGS, BREEDING - INVENTORY","TOTAL","NOT SPECIFIED","5,820,000",""
"SURVEY","2012","FIRST OF MAR","","NATIONAL","US TOTAL","","","","","","","","00000000","","HOGS","HOGS, MARKET - INVENTORY","TOTAL","NOT SPECIFIED","58,957,000",""
"SURVEY","2012","FIRST OF MAR","","NATIONAL","US TOTAL","","","","","","","","00000000","","HOGS","HOGS, MARKET, 120 TO 179 LBS - INVENTORY","TOTAL","NOT SPECIFIED","12,995,000",""
"SURVEY","2012","FIRST OF MAR","","NATIONAL","US TOTAL","","","","","","","","00000000","","HOGS","HOGS, MARKET, 50 TO 119 LBS - INVENTORY","TOTAL","NOT SPECIFIED","16,209,000",""
"SURVEY","2012","FIRST OF MAR","","NATIONAL","US TOTAL","","","","","","","","00000000","","HOGS","HOGS, MARKET, GE 180 LBS - INVENTORY","TOTAL","NOT SPECIFIED","10,818,000",""
"SURVEY","2012","FIRST OF MAR","","NATIONAL","US TOTAL","","","","","","","","00000000","","HOGS","HOGS, MARKET, LT 50 LBS - INVENTORY","TOTAL","NOT SPECIFIED","18,935,000",""
"SURVEY","2012","FIRST OF JUN","","NATIONAL","US TOTAL","","","","","","","","00000000","","HOGS","HOGS - INVENTORY","TOTAL","NOT SPECIFIED","66,469,000",""
"SURVEY","2012","FIRST OF JUN","","NATIONAL","US TOTAL","","","","","","","","00000000","","HOGS","HOGS, BREEDING - INVENTORY","TOTAL","NOT SPECIFIED","5,862,000",""
"SURVEY","2012","FIRST OF JUN","","NATIONAL","US TOTAL","","","","","","","","00000000","","HOGS","HOGS, MARKET - INVENTORY","TOTAL","NOT SPECIFIED","60,607,000",""
"SURVEY","2012","FIRST OF JUN","","NATIONAL","US TOTAL","","","","","","","","00000000","","HOGS","HOGS, MARKET, 120 TO 179 LBS - INVENTORY","TOTAL","NOT SPECIFIED","12,243,000",""
"SURVEY","2012","FIRST OF JUN","","NATIONAL","US TOTAL","","","","","","","","00000000","","HOGS","HOGS, MARKET, 50 TO 119 LBS - INVENTORY","TOTAL","NOT SPECIFIED","17,924,000",""
"SURVEY","2012","FIRST OF JUN","","NATIONAL","US TOTAL","","","","","","","","00000000","","HOGS","HOGS, MARKET, GE 180 LBS - INVENTORY","TOTAL","NOT SPECIFIED","10,694,000",""
"SURVEY","2012","FIRST OF JUN","","NATIONAL","US TOTAL","","","","","","","","00000000","","HOGS","HOGS, MARKET, LT 50 LBS - INVENTORY","TOTAL","NOT SPECIFIED","19,746,000",""
"SURVEY","2012","FIRST OF SEP","","NATIONAL","US TOTAL","","","","","","","","00000000","","HOGS","HOGS - INVENTORY","TOTAL","NOT SPECIFIED","68,032,000",""
"SURVEY","2012","FIRST OF SEP","","NATIONAL","US TOTAL","","","","","","","","00000000","","HOGS","HOGS, BREEDING - INVENTORY","TOTAL","NOT SPECIFIED","5,788,000",""
"SURVEY","2012","FIRST OF SEP","","NATIONAL","US TOTAL","","","","","","","","00000000","","HOGS","HOGS, MARKET - INVENTORY","TOTAL","NOT SPECIFIED","62,244,000",""
"SURVEY","2012","FIRST OF SEP","","NATIONAL","US TOTAL","","","","","","","","00000000","","HOGS","HOGS, MARKET, 120 TO 179 LBS - INVENTORY","TOTAL","NOT SPECIFIED","13,080,000",""
"SURVEY","2012","FIRST OF SEP","","NATIONAL","US TOTAL","","","","","","","","00000000","","HOGS","HOGS, MARKET, 50 TO 119 LBS - INVENTORY","TOTAL","NOT SPECIFIED","17,799,000",""
"SURVEY","2012","FIRST OF SEP","","NATIONAL","US TOTAL","","","","","","","","00000000","","HOGS","HOGS, MARKET, GE 180 LBS - INVENTORY","TOTAL","NOT SPECIFIED","11,485,000",""
"SURVEY","2012","FIRST OF SEP","","NATIONAL","US TOTAL","","","","","","","","00000000","","HOGS","HOGS, MARKET, LT 50 LBS - INVENTORY","TOTAL","NOT SPECIFIED","19,880,000",""
"SURVEY","2012","END OF DEC","","NATIONAL","US TOTAL","","","","","","","","00000000","","HOGS","HOGS - OPERATIONS WITH INVENTORY","TOTAL","NOT SPECIFIED","68,300",""
"SURVEY","2012","END OF DEC","","NATIONAL","US TOTAL","","","","","","","","00000000","","HOGS","HOGS, OWNED - OPERATIONS WITH INVENTORY","TOTAL","NOT SPECIFIED","60,200",""
"SURVEY","2012","FIRST OF DEC","","NATIONAL","US TOTAL","","","","","","","","00000000","","HOGS","HOGS - INVENTORY","TOTAL","NOT SPECIFIED","66,223,800",""
"SURVEY","2012","FIRST OF DEC","","NATIONAL","US TOTAL","","","","","","","","00000000","","HOGS","HOGS - INVENTORY, MEASURED IN $","TOTAL","NOT SPECIFIED","7,683,152,000",""
"SURVEY","2012","FIRST OF DEC","","NATIONAL","US TOTAL","","","","","","","","00000000","","HOGS","HOGS - INVENTORY, MEASURED IN $ / HEAD","TOTAL","NOT SPECIFIED","116",""
"SURVEY","2012","FIRST OF DEC","","NATIONAL","US TOTAL","","","","","","","","00000000","","HOGS","HOGS, BREEDING - INVENTORY","TOTAL","NOT SPECIFIED","5,819,000",""
"SURVEY","2012","FIRST OF DEC","","NATIONAL","US TOTAL","","","","","","","","00000000","","HOGS","HOGS, MARKET - INVENTORY","TOTAL","NOT SPECIFIED","60,405,000",""
"SURVEY","2012","FIRST OF DEC","","NATIONAL","US TOTAL","","","","","","","","00000000","","HOGS","HOGS, MARKET, 120 TO 179 LBS - INVENTORY","TOTAL","NOT SPECIFIED","12,614,000",""
"SURVEY","2012","FIRST OF DEC","","NATIONAL","US TOTAL","","","","","","","","00000000","","HOGS","HOGS, MARKET, 50 TO 119 LBS - INVENTORY","TOTAL","NOT SPECIFIED","16,752,000",""
"SURVEY","2012","FIRST OF DEC","","NATIONAL","US TOTAL","","","","","","","","00000000","","HOGS","HOGS, MARKET, GE 180 LBS - INVENTORY","TOTAL","NOT SPECIFIED","11,741,000",""
"SURVEY","2012","FIRST OF DEC","","NATIONAL","US TOTAL","","","","","","","","00000000","","HOGS","HOGS, MARKET, LT 50 LBS - INVENTORY","TOTAL","NOT SPECIFIED","19,299,000",""
"SURVEY","2011","FIRST OF MAR","","NATIONAL","US TOTAL","","","","","","","","00000000","","HOGS","HOGS - INVENTORY","TOTAL","NOT SPECIFIED","63,759,000",""
"SURVEY","2011","FIRST OF MAR","","NATIONAL","US TOTAL","","","","","","","","00000000","","HOGS","HOGS, BREEDING - INVENTORY","TOTAL","NOT SPECIFIED","5,788,000",""
"SURVEY","2011","FIRST OF MAR","","NATIONAL","US TOTAL","","","","","","","","00000000","","HOGS","HOGS, MARKET - INVENTORY","TOTAL","NOT SPECIFIED","57,971,000",""
"SURVEY","2011","FIRST OF MAR","","NATIONAL","US TOTAL","","","","","","","","00000000","","HOGS","HOGS, MARKET, 120 TO 179 LBS - INVENTORY","TOTAL","NOT SPECIFIED","12,601,000",""
"SURVEY","2011","FIRST OF MAR","","NATIONAL","US TOTAL","","","","","","","","00000000","","HOGS","HOGS, MARKET, 50 TO 119 LBS - INVENTORY","TOTAL","NOT SPECIFIED","15,935,000",""
"SURVEY","2011","FIRST OF MAR","","NATIONAL","US TOTAL","","","","","","","","00000000","","HOGS","HOGS, MARKET, GE 180 LBS - INVENTORY","TOTAL","NOT SPECIFIED","10,767,000",""
"SURVEY","2011","FIRST OF MAR","","NATIONAL","US TOTAL","","","","","","","","00000000","","HOGS","HOGS, MARKET, LT 50 LBS - INVENTORY","TOTAL","NOT SPECIFIED","18,668,000",""
"SURVEY","2011","FIRST OF JUN","","NATIONAL","US TOTAL","","","","","","","","00000000","","HOGS","HOGS - INVENTORY","TOTAL","NOT SPECIFIED","65,320,000",""
"SURVEY","2011","FIRST OF JUN","","NATIONAL","US TOTAL","","","","","","","","00000000","","HOGS","HOGS, BREEDING - INVENTORY","TOTAL","NOT SPECIFIED","5,803,000",""
"SURVEY","2011","FIRST OF JUN","","NATIONAL","US TOTAL","","","","","","","","00000000","","HOGS","HOGS, MARKET - INVENTORY","TOTAL","NOT SPECIFIED","59,517,000",""
"SURVEY","2011","FIRST OF JUN","","NATIONAL","US TOTAL","","","","","","","","00000000","","HOGS","HOGS, MARKET, 120 TO 179 LBS - INVENTORY","TOTAL","NOT SPECIFIED","12,254,000",""
"SURVEY","2011","FIRST OF JUN","","NATIONAL","US TOTAL","","","","","","","","00000000","","HOGS","HOGS, MARKET, 50 TO 119 LBS - INVENTORY","TOTAL","NOT SPECIFIED","17,241,000",""
"SURVEY","2011","FIRST OF JUN","","NATIONAL","US TOTAL","","","","","","","","00000000","","HOGS","HOGS, MARKET, GE 180 LBS - INVENTORY","TOTAL","NOT SPECIFIED","10,599,000",""
"SURVEY","2011","FIRST OF JUN","","NATIONAL","US TOTAL","","","","","","","","00000000","","HOGS","HOGS, MARKET, LT 50 LBS - INVENTORY","TOTAL","NOT SPECIFIED","19,423,000",""
"SURVEY","2011","FIRST OF SEP","","NATIONAL","US TOTAL","","","","","","","","00000000","","HOGS","HOGS - INVENTORY","TOTAL","NOT SPECIFIED","67,234,000",""
"SURVEY","2011","FIRST OF SEP","","NATIONAL","US TOTAL","","","","","","","","00000000","","HOGS","HOGS, BREEDING - INVENTORY","TOTAL","NOT SPECIFIED","5,806,000",""
"SURVEY","2011","FIRST OF SEP","","NATIONAL","US TOTAL","","","","","","","","00000000","","HOGS","HOGS, MARKET - INVENTORY","TOTAL","NOT SPECIFIED","61,428,000",""
"SURVEY","2011","FIRST OF SEP","","NATIONAL","US TOTAL","","","","","","","","00000000","","HOGS","HOGS, MARKET, 120 TO 179 LBS - INVENTORY","TOTAL","NOT SPECIFIED","12,822,000",""
"SURVEY","2011","FIRST OF SEP","","NATIONAL","US TOTAL","","","","","","","","00000000","","HOGS","HOGS, MARKET, 50 TO 119 LBS - INVENTORY","TOTAL","NOT SPECIFIED","17,884,000",""
"SURVEY","2011","FIRST OF SEP","","NATIONAL","US TOTAL","","","","","","","","00000000","","HOGS","HOGS, MARKET, GE 180 LBS - INVENTORY","TOTAL","NOT SPECIFIED","10,961,000",""
"SURVEY","2011","FIRST OF SEP","","NATIONAL","US TOTAL","","","","","","","","00000000","","HOGS","HOGS, MARKET, LT 50 LBS - INVENTORY","TOTAL","NOT SPECIFIED","19,761,000",""
"SURVEY","2011","END OF DEC","","NATIONAL","US TOTAL","","","","","","","","00000000","","HOGS","HOGS - OPERATIONS WITH INVENTORY","TOTAL","NOT SPECIFIED","69,100",""
"SURVEY","2011","END OF DEC","","NATIONAL","US TOTAL","","","","","","","","00000000","","HOGS","HOGS, OWNED - OPERATIONS WITH INVENTORY","TOTAL","NOT SPECIFIED","60,940",""
"SURVEY","2011","FIRST OF DEC","","NATIONAL","US TOTAL","","","","","","","","00000000","","HOGS","HOGS - INVENTORY","TOTAL","NOT SPECIFIED","66,258,800",""
"SURVEY","2011","FIRST OF DEC","","NATIONAL","US TOTAL","","","","","","","","00000000","","HOGS","HOGS - INVENTORY, MEASURED IN $","TOTAL","NOT SPECIFIED","8,145,169,000",""
"SURVEY","2011","FIRST OF DEC","","NATIONAL","US TOTAL","","","","","","","","00000000","","HOGS","HOGS - INVENTORY, MEASURED IN $ / HEAD","TOTAL","NOT SPECIFIED","123",""
"SURVEY","2011","FIRST OF DEC","","NATIONAL","US TOTAL","","","","","","","","00000000","","HOGS","HOGS, BREEDING - INVENTORY","TOTAL","NOT SPECIFIED","5,803,000",""
"SURVEY","2011","FIRST OF DEC","","NATIONAL","US TOTAL","","","","","","","","00000000","","HOGS","HOGS, MARKET - INVENTORY","TOTAL","NOT SPECIFIED","60,456,000",""
"SURVEY","2011","FIRST OF DEC","","NATIONAL","US TOTAL","","","","","","","","00000000","","HOGS","HOGS, MARKET, 120 TO 179 LBS - INVENTORY","TOTAL","NOT SPECIFIED","12,473,000",""
"SURVEY","2011","FIRST OF DEC","","NATIONAL","US TOTAL","","","","","","","","00000000","","HOGS","HOGS, MARKET, 50 TO 119 LBS - INVENTORY","TOTAL","NOT SPECIFIED","16,618,000",""
"SURVEY","2011","FIRST OF DEC","","NATIONAL","US TOTAL","","","","","","","","00000000","","HOGS","HOGS, MARKET, GE 180 LBS - INVENTORY","TOTAL","NOT SPECIFIED","11,918,000",""
"SURVEY","2011","FIRST OF DEC","","NATIONAL","US TOTAL","","","","","","","","00000000","","HOGS","HOGS, MARKET, LT 50 LBS - INVENTORY","TOTAL","NOT SPECIFIED","19,447,000",""
